{
   "calibration_coefficients": [
      0.8541484754510993,
      -0.0038298714824927375
   ],
   "max_voltage": 1.13
}